<?xml version="1.0" encoding="UTF-8"?>
<endpoint name="TenetEndpoint" xmlns="http://ws.apache.org/ns/synapse">
    <address format="soap12" uri="http://localhost:8082/telecom-soap-service/service/tenet_metrics">
        <suspendOnFailure>
            <initialDuration>-1</initialDuration>
            <progressionFactor>1.0</progressionFactor>
        </suspendOnFailure>
        <markForSuspension>
            <retriesBeforeSuspension>0</retriesBeforeSuspension>
        </markForSuspension>
    </address>
</endpoint>
