<?xml version="1.0" encoding="UTF-8"?>
<inboundEndpoint name="MaintenanceFileInboundEP" onError="ErrorSequence" protocol="file" sequence="SendEmailSeq" suspend="false" xmlns="http://ws.apache.org/ns/synapse">
    <parameters>
        <parameter name="interval">1000</parameter>
        <parameter name="sequential">true</parameter>
        <parameter name="coordination">true</parameter>
        <parameter name="transport.vfs.ContentType">text/plain</parameter>
        <parameter name="transport.vfs.LockReleaseSameNode">false</parameter>
        <parameter name="transport.vfs.AutoLockRelease">false</parameter>
        <parameter name="transport.vfs.ActionAfterFailure">MOVE</parameter>
        <parameter name="transport.vfs.FailedRecordsFileName">vfs-move-failed-records.properties</parameter>
        <parameter name="transport.vfs.FailedRecordsFileDestination">tmp</parameter>
        <parameter name="transport.vfs.MoveFailedRecordTimestampFormat">dd-MM-yyyy-HH:mm:ss</parameter>
        <parameter name="transport.vfs.FailedRecordNextRetryDuration">3000</parameter>
        <parameter name="transport.vfs.ActionAfterProcess">MOVE</parameter>
        <parameter name="transport.vfs.FileURI">file:///Users/dushan/workspace/wso2/solutions-architecture/demo/workshop2022/local/file/in</parameter>
        <parameter name="transport.vfs.MoveAfterFailure">file:///Users/dushan/workspace/wso2/solutions-architecture/demo/workshop2022/local/file/error</parameter>
        <parameter name="transport.vfs.ReplyFileName">response.xml</parameter>
        <parameter name="transport.vfs.DistributedLock">false</parameter>
        <parameter name="transport.vfs.FileNamePattern">.*\.csv</parameter>
        <parameter name="transport.vfs.MoveAfterProcess">file:///Users/dushan/workspace/wso2/solutions-architecture/demo/workshop2022/local/file/out</parameter>
        <parameter name="transport.vfs.Locking">disable</parameter>
        <parameter name="transport.vfs.SFTPUserDirIsRoot">false</parameter>
        <parameter name="transport.vfs.FileSortAttribute">none</parameter>
        <parameter name="transport.vfs.FileSortAscending">true</parameter>
        <parameter name="transport.vfs.CreateFolder">true</parameter>
        <parameter name="transport.vfs.Streaming">false</parameter>
        <parameter name="transport.vfs.Build">false</parameter>
        <parameter name="transport.vfs.UpdateLastModified">true</parameter>
    </parameters>
</inboundEndpoint>
