<?xml version="1.0" encoding="UTF-8"?>
<sequence name="SendEmailSeq" trace="disable" xmlns="http://ws.apache.org/ns/synapse">
    <CSV.csvToJson>
        <headerPresent>Absent</headerPresent>
        <skipHeader>false</skipHeader>
        <csvEmptyValues>Null</csvEmptyValues>
        <jsonKeys>id,time,model,driver,yardNo</jsonKeys>
    </CSV.csvToJson>
    <payloadFactory media-type="json" template-type="freemarker">
        <format><![CDATA[{
        "header" : "Train entry details for ${payload[0].id}",
	"content" : "Train ${payload[0].id} arrived at ${payload[0].time} in Trainyard ${payload[0].yardNo}.\nEngine Driver: ${payload[0].driver}\nTrain Model : ${payload[0].model}"
}]]></format>
        <args/>
    </payloadFactory>
    <log level="full"/>
    <property expression="get-property('env', 'SMTP_HOST')" name="SMTP_HOST" scope="default" type="STRING"/>
    <property expression="get-property('env', 'SMTP_PORT')" name="SMTP_PORT" scope="default" type="STRING"/>
    <property expression="get-property('env', 'SMTP_USERNAME')" name="SMTP_USERNAME" scope="default" type="STRING"/>
    <property expression="get-property('env', 'SMTP_PASSWORD')" name="SMTP_PASSWORD" scope="default" type="STRING"/>
    <property expression="get-property('env', 'EMAIL_TO')" name="EMAIL_TO" scope="default" type="STRING"/>
    <property expression="get-property('env', 'EMAIL_FROM')" name="EMAIL_FROM" scope="default" type="STRING"/>
    <!--     <log level="custom">
        <property expression="get-property('env', 'SMTP_HOST')" name="SMTP_HOST"/>
        <property expression="get-property('env', 'SMTP_PORT')" name="SMTP_PORT"/>
        <property expression="get-property('env', 'SMTP_USERNAME')" name="SMTP_USERNAME"/>
        <property expression="get-property('env', 'SMTP_PASSWORD')" name="SMTP_PASSWORD"/>
        <property expression="get-property('env', 'EMAIL_TO')" name="EMAIL_TO"/>
        <property expression="get-property('env', 'EMAIL_FROM')" name="EMAIL_FROM"/>
    </log> -->
    <email.send configKey="EmailConnection">
        <from>{$ctx:EMAIL_FROM}</from>
        <to>{$ctx:EMAIL_TO}</to>
        <subject>{json-eval($.header)}</subject>
        <content>{json-eval($.content)}</content>
        <contentType>text/plain</contentType>
    </email.send>
</sequence>
