<?xml version="1.0" encoding="UTF-8"?>
<messageProcessor class="org.apache.synapse.message.processor.impl.forwarder.ScheduledMessageForwardingProcessor" messageStore="CateringServiceMessageStore" name="CateringServiceForwardingProcessor" targetEndpoint="CateringServiceEP" xmlns="http://ws.apache.org/ns/synapse">
    <parameter name="client.retry.interval">1000</parameter>
    <parameter name="max.delivery.attempts">4</parameter>
    <parameter name="member.count">1</parameter>
    <parameter name="message.processor.reply.sequence">ReplySequence</parameter>
    <parameter name="message.processor.fault.sequence">FailMessageSequence</parameter>
    <parameter name="store.connection.retry.interval">1000</parameter>
    <parameter name="max.store.connection.attempts">-1</parameter>
    <parameter name="max.delivery.drop">Disabled</parameter>
    <parameter name="interval">1000</parameter>
    <parameter name="message.processor.failMessagesStore">FailMessageStore</parameter>
    <parameter name="message.processor.deactivate.sequence">DeactivateSequence</parameter>
    <parameter name="is.active">true</parameter>
</messageProcessor>
